"id","site","job_url","job_url_direct","title","company","location","date_posted","job_type","salary_source","interval","min_amount","max_amount","currency","is_remote","job_level","job_function","listing_type","emails","description","company_industry","company_url","company_logo","company_url_direct","company_addresses","company_num_employees","company_revenue","company_description"
"li-4130230548","linkedin","https://www.linkedin.com/jobs/view/4130230548","","Data BI Analyst","Team Remotely","San Francisco, CA","2025-01-19","","","","","","","","","","","","","","https://www.linkedin.com/company/team-remotely-group","","","","","",""
"li-4083241261","linkedin","https://www.linkedin.com/jobs/view/4083241261","","AI Engineer","LinkedIn","Sunnyvale, CA","2025-01-19","","","","","","","","","","","","","","https://www.linkedin.com/company/linkedin","","","","","",""
"li-4130235059","linkedin","https://www.linkedin.com/jobs/view/4130235059","","Junior Backend Engineer","Team Remotely","San Francisco, CA","2025-01-19","","","","","","","","","","","","","","https://www.linkedin.com/company/team-remotely-group","","","","","",""
"li-4130234097","linkedin","https://www.linkedin.com/jobs/view/4130234097","","Junior Full Stack Developer React/Python","Team Remotely","San Francisco, CA","2025-01-19","","","","","","","","","","","","","","https://www.linkedin.com/company/team-remotely-group","","","","","",""
"li-4128686410","linkedin","https://www.linkedin.com/jobs/view/4128686410","","Data Scientist, Finance","Notion","San Francisco, CA","2025-01-18","","","","","","","","","","","","","","https://www.linkedin.com/company/notionhq","","","","","",""
"li-4129304992","linkedin","https://www.linkedin.com/jobs/view/4129304992","","Data Analyst (Remote)","SynergisticIT","Oakland, CA","2025-01-18","","","","","","","","","","","","","","https://www.linkedin.com/company/synergisticit","","","","","",""
"li-4128655968","linkedin","https://www.linkedin.com/jobs/view/4128655968","","Clinical Data Analyst","Oshi Health","San Francisco, CA","2025-01-18","","","","","","","","","","","","","","https://www.linkedin.com/company/oshihealth","","","","","",""
"li-4128191909","linkedin","https://www.linkedin.com/jobs/view/4128191909","","Associate, Strategy & Operations, DoorDash for Business","DoorDash","San Francisco, CA","2025-01-18","","","","","","","","","","","","","","https://www.linkedin.com/company/doordash","","","","","",""
"li-4128566122","linkedin","https://www.linkedin.com/jobs/view/4128566122","","Data Visualization Consultant","Amplytics","San Francisco, CA","2025-01-18","","","","","","","","","","","","","","https://www.linkedin.com/company/theamplytics","","","","","",""
"li-4128565173","linkedin","https://www.linkedin.com/jobs/view/4128565173","","Data Visualization Consultant","Amplytics","Alameda, CA","2025-01-18","","","","","","","","","","","","","","https://www.linkedin.com/company/theamplytics","","","","","",""
"li-4128563376","linkedin","https://www.linkedin.com/jobs/view/4128563376","","Data Visualization Consultant","Amplytics","San Mateo, CA","2025-01-18","","","","","","","","","","","","","","https://www.linkedin.com/company/theamplytics","","","","","",""
"li-4128564259","linkedin","https://www.linkedin.com/jobs/view/4128564259","","Data Visualization Consultant","Amplytics","Santa Rosa, CA","2025-01-18","","","","","","","","","","","","","","https://www.linkedin.com/company/theamplytics","","","","","",""
"li-4128775095","linkedin","https://www.linkedin.com/jobs/view/4128775095","","Data Analyst (Intern) United States","Cisco","San Jose, CA","2025-01-18","","","","","","","","","","","","","","https://www.linkedin.com/company/cisco","","","","","",""
"li-4128297047","linkedin","https://www.linkedin.com/jobs/view/4128297047","","Product Analyst","Inkitt","San Francisco, CA","2025-01-17","","","","","","","","","","","","","","https://www.linkedin.com/company/inkitt","","","","","",""
"li-4128423889","linkedin","https://www.linkedin.com/jobs/view/4128423889","","Software Engineer - Systems Infrastructure","LinkedIn","Mountain View, CA","2025-01-17","","","","","","","","","","","","","","https://www.linkedin.com/company/linkedin","","","","","",""
"li-4128422930","linkedin","https://www.linkedin.com/jobs/view/4128422930","","Software Engineer - Systems Infrastructure","LinkedIn","Mountain View, CA","2025-01-17","","","","","","","","","","","","","","https://www.linkedin.com/company/linkedin","","","","","",""
"li-4128410246","linkedin","https://www.linkedin.com/jobs/view/4128410246","","Bioinformatics Analyst","Astrix","South San Francisco, CA","2025-01-17","","","","","","","","","","","","","","https://www.linkedin.com/company/astrix-technology-group","","","","","",""
"li-4069138473","linkedin","https://www.linkedin.com/jobs/view/4069138473","","Machine Learning Engineer Intern, Summer 2025","Netflix","Los Gatos, CA","","","","","","","","","","","","","","","https://www.linkedin.com/company/netflix","","","","","",""
"li-4129229045","linkedin","https://www.linkedin.com/jobs/view/4129229045","","Business Analyst","Russell Tobin","San Francisco, CA","","","","","","","","","","","","","","","https://www.linkedin.com/company/russell-tobin-&-associates-llc","","","","","",""
"li-4130456936","linkedin","https://www.linkedin.com/jobs/view/4130456936","","Business Data Analyst","K&K Global Talent Solutions INC.","San Jose, CA","","","","","","","","","","","","","","","https://www.linkedin.com/company/knk-gts","","","","","",""
